Product Name,Concentration uM,morphology score,infection rate (%),Cell model
A-7,0.3,-0.27,110.0,A549-ACE2
A-7,10.0,0.59,68.4,A549-ACE2
A-7,3.0,0.13,98.9,A549-ACE2
A-7,30.0,0.59,57.5,A549-ACE2
calpeptin,0.3,0.69,56.0,A549-ACE2
calpeptin,10.0,0.9,13.2,A549-ACE2
calpeptin,3.0,0.91,29.3,A549-ACE2
calpeptin,30.0,0.77,7.7,A549-ACE2
5-carboxamidotryptamine,0.3,-0.09,100.4,A549-ACE2
5-carboxamidotryptamine,10.0,-0.11,101.4,A549-ACE2
5-carboxamidotryptamine,3.0,-0.06,98.8,A549-ACE2
5-carboxamidotryptamine,30.0,0.09,93.1,A549-ACE2
IPAG,0.1,-0.05,99.7,A549-ACE2
IPAG,0.3,0.12,95.0,A549-ACE2
IPAG,1.0,0.09,96.4,A549-ACE2
IPAG,3.0,0.33,84.3,A549-ACE2
alpha-methylhistamine-dihydrobromide-(S)-(+),0.3,0.22,96.5,A549-ACE2
alpha-methylhistamine-dihydrobromide-(S)-(+),10.0,0.28,90.3,A549-ACE2
alpha-methylhistamine-dihydrobromide-(S)-(+),3.0,0.16,100.8,A549-ACE2
alpha-methylhistamine-dihydrobromide-(S)-(+),30.0,-0.09,104.0,A549-ACE2
tyrphostin-AG-835,0.3,0.43,84.4,A549-ACE2
tyrphostin-AG-835,10.0,-0.25,108.0,A549-ACE2
tyrphostin-AG-835,3.0,-0.17,99.7,A549-ACE2
tyrphostin-AG-835,30.0,-0.2,106.4,A549-ACE2
parthenolide-(alternate-stereo),0.1,0.07,98.5,A549-ACE2
parthenolide-(alternate-stereo),0.3,0.17,100.5,A549-ACE2
parthenolide-(alternate-stereo),1.0,-0.12,102.8,A549-ACE2
parthenolide-(alternate-stereo),3.0,-0.34,106.8,A549-ACE2
3'-fluorobenzylspiperone,0.1,-0.13,99.2,A549-ACE2
3'-fluorobenzylspiperone,0.3,0.27,90.0,A549-ACE2
3'-fluorobenzylspiperone,1.0,0.46,86.7,A549-ACE2
3'-fluorobenzylspiperone,3.0,0.54,17.4,A549-ACE2
tetrindole,0.1,0.02,102.2,A549-ACE2
tetrindole,0.3,0.06,96.4,A549-ACE2
tetrindole,1.0,0.29,76.9,A549-ACE2
tetrindole,3.0,0.87,28.4,A549-ACE2
pyrrolidine-dithiocarbamate,0.1,-0.05,108.0,A549-ACE2
pyrrolidine-dithiocarbamate,0.3,0.28,93.0,A549-ACE2
pyrrolidine-dithiocarbamate,1.0,0.32,85.4,A549-ACE2
pyrrolidine-dithiocarbamate,3.0,0.39,83.1,A549-ACE2
N-benzylnaltrindole,0.1,0.1,96.4,A549-ACE2
N-benzylnaltrindole,0.3,0.1,94.2,A549-ACE2
N-benzylnaltrindole,1.0,0.24,90.1,A549-ACE2
N-benzylnaltrindole,3.0,0.47,68.7,A549-ACE2
bifemelane,0.3,-0.03,101.3,A549-ACE2
bifemelane,10.0,0.7,42.6,A549-ACE2
bifemelane,3.0,0.43,96.2,A549-ACE2
bifemelane,30.0,0.69,15.6,A549-ACE2
ICI-199441,0.3,-0.06,96.7,A549-ACE2
ICI-199441,10.0,0.84,16.7,A549-ACE2
ICI-199441,3.0,0.89,20.7,A549-ACE2
ICI-199441,30.0,0.1,35.8,A549-ACE2
BNTX,0.1,0.09,94.1,A549-ACE2
BNTX,0.3,0.34,92.7,A549-ACE2
BNTX,1.0,0.64,58.7,A549-ACE2
BNTX,3.0,0.68,11.2,A549-ACE2
3-CPMT,0.1,-0.03,108.4,A549-ACE2
3-CPMT,0.3,-0.04,95.6,A549-ACE2
3-CPMT,1.0,0.58,74.0,A549-ACE2
3-CPMT,3.0,0.88,32.4,A549-ACE2
RS-39604,0.1,-0.18,105.7,A549-ACE2
RS-39604,0.3,-0.13,102.1,A549-ACE2
RS-39604,1.0,0.08,93.0,A549-ACE2
RS-39604,3.0,0.56,69.2,A549-ACE2
spiperone,0.3,-0.22,101.9,A549-ACE2
spiperone,10.0,0.19,30.8,A549-ACE2
spiperone,3.0,0.32,86.2,A549-ACE2
spiperone,30.0,0.03,35.4,A549-ACE2
desmethylclozapine,0.3,0.09,95.9,A549-ACE2
desmethylclozapine,10.0,0.76,28.4,A549-ACE2
desmethylclozapine,3.0,0.63,62.2,A549-ACE2
desmethylclozapine,30.0,0.73,13.4,A549-ACE2
piribedil,0.3,-0.23,108.6,A549-ACE2
piribedil,10.0,-0.05,98.8,A549-ACE2
piribedil,3.0,-0.1,103.9,A549-ACE2
piribedil,30.0,0.26,87.6,A549-ACE2
zolantidine,0.3,-0.12,98.1,A549-ACE2
zolantidine,10.0,0.9,19.9,A549-ACE2
zolantidine,3.0,0.76,50.2,A549-ACE2
zolantidine,30.0,0.62,12.4,A549-ACE2
L-733060,0.3,0.12,95.4,A549-ACE2
L-733060,10.0,0.92,15.6,A549-ACE2
L-733060,3.0,0.72,56.7,A549-ACE2
L-733060,30.0,0.01,42.0,A549-ACE2
brefeldin-A,0.1,0.73,33.5,A549-ACE2
brefeldin-A,0.3,0.14,42.0,A549-ACE2
brefeldin-A,1.0,0.32,16.3,A549-ACE2
brefeldin-A,3.0,0.26,30.0,A549-ACE2
BHQ,0.3,0.23,93.5,A549-ACE2
BHQ,10.0,-0.25,105.1,A549-ACE2
BHQ,3.0,-0.21,100.3,A549-ACE2
BHQ,30.0,-0.11,107.6,A549-ACE2
SB-216641,0.1,-0.01,96.6,A549-ACE2
SB-216641,0.3,0.09,94.5,A549-ACE2
SB-216641,1.0,0.43,81.8,A549-ACE2
SB-216641,3.0,0.77,26.2,A549-ACE2
CY208-243,0.3,-0.03,100.5,A549-ACE2
CY208-243,10.0,0.44,87.1,A549-ACE2
CY208-243,3.0,0.26,98.5,A549-ACE2
CY208-243,30.0,0.69,52.5,A549-ACE2
anisomycin,0.1,0.85,6.7,A549-ACE2
anisomycin,0.3,0.65,6.3,A549-ACE2
anisomycin,1.0,0.48,17.7,A549-ACE2
anisomycin,3.0,0.46,14.1,A549-ACE2
kenpaullone,0.3,0.06,106.4,A549-ACE2
kenpaullone,10.0,0.46,94.3,A549-ACE2
kenpaullone,3.0,0.37,95.5,A549-ACE2
kenpaullone,30.0,0.48,87.6,A549-ACE2
homoharringtonine,0.3,0.32,11.8,A549-ACE2
homoharringtonine,10.0,0.3,18.8,A549-ACE2
homoharringtonine,3.0,0.26,16.0,A549-ACE2
homoharringtonine,30.0,0.33,14.9,A549-ACE2
GR-127935,0.1,-0.16,105.7,A549-ACE2
GR-127935,0.3,0.15,98.8,A549-ACE2
GR-127935,1.0,0.46,84.6,A549-ACE2
GR-127935,3.0,0.78,30.9,A549-ACE2
rimcazole,0.3,0.08,104.0,A549-ACE2
rimcazole,10.0,0.81,12.9,A549-ACE2
rimcazole,3.0,0.76,43.3,A549-ACE2
rimcazole,30.0,0.11,40.8,A549-ACE2
amodiaquine,0.3,0.38,86.6,A549-ACE2
amodiaquine,10.0,0.76,12.0,A549-ACE2
amodiaquine,3.0,0.87,23.6,A549-ACE2
amodiaquine,30.0,0.1,13.7,A549-ACE2
chlorhexidine,0.1,-0.01,95.1,A549-ACE2
chlorhexidine,0.3,0.17,90.2,A549-ACE2
chlorhexidine,1.0,0.17,91.0,A549-ACE2
chlorhexidine,3.0,-0.05,93.4,A549-ACE2
chloroquine,0.3,0.17,99.9,A549-ACE2
chloroquine,10.0,0.63,63.3,A549-ACE2
chloroquine,3.0,0.37,79.3,A549-ACE2
chloroquine,30.0,0.8,29.7,A549-ACE2
clemastine,0.3,0.04,100.0,A549-ACE2
clemastine,10.0,0.86,31.6,A549-ACE2
clemastine,3.0,0.8,42.6,A549-ACE2
clemastine,30.0,0.52,21.3,A549-ACE2
clomifene,0.1,-0.09,102.4,A549-ACE2
clomifene,0.3,0.35,83.5,A549-ACE2
clomifene,1.0,0.5,75.2,A549-ACE2
clomifene,3.0,0.8,31.2,A549-ACE2
dicycloverine,0.3,0.02,93.5,A549-ACE2
dicycloverine,10.0,0.78,46.5,A549-ACE2
dicycloverine,3.0,0.62,66.0,A549-ACE2
dicycloverine,30.0,0.84,34.4,A549-ACE2
pyrithione-zinc,0.3,0.13,94.7,A549-ACE2
pyrithione-zinc,3.0,0.14,75.8,A549-ACE2
disulfiram,0.3,0.44,84.2,A549-ACE2
disulfiram,10.0,0.51,26.6,A549-ACE2
disulfiram,3.0,0.45,75.8,A549-ACE2
disulfiram,30.0,0.35,32.3,A549-ACE2
emetine,0.1,0.87,4.8,A549-ACE2
emetine,0.3,0.7,5.3,A549-ACE2
emetine,1.0,0.44,18.8,A549-ACE2
emetine,3.0,0.43,22.5,A549-ACE2
17-hydroxyprogesterone-caproate,0.3,0.24,94.9,A549-ACE2
17-hydroxyprogesterone-caproate,10.0,0.47,81.2,A549-ACE2
17-hydroxyprogesterone-caproate,3.0,0.34,88.3,A549-ACE2
17-hydroxyprogesterone-caproate,30.0,0.79,33.8,A549-ACE2
primaquine,0.3,-0.01,97.5,A549-ACE2
prochlorperazine,0.3,0.0,94.9,A549-ACE2
prochlorperazine,10.0,0.79,12.4,A549-ACE2
prochlorperazine,3.0,0.84,29.1,A549-ACE2
prochlorperazine,30.0,0.19,50.4,A549-ACE2
promethazine,0.3,0.09,93.3,A549-ACE2
promethazine,10.0,0.76,62.5,A549-ACE2
promethazine,3.0,0.72,51.5,A549-ACE2
promethazine,30.0,0.72,11.5,A549-ACE2
mepacrine,0.1,0.52,79.6,A549-ACE2
mepacrine,0.3,0.52,92.5,A549-ACE2
mepacrine,1.0,0.63,61.0,A549-ACE2
mepacrine,3.0,0.79,16.0,A549-ACE2
thioridazine,0.1,0.3,93.9,A549-ACE2
thioridazine,0.3,0.1,100.9,A549-ACE2
thioridazine,1.0,0.34,81.8,A549-ACE2
thioridazine,3.0,0.84,21.1,A549-ACE2
azelaic-acid,0.3,0.2,94.2,A549-ACE2
azelaic-acid,10.0,0.06,98.1,A549-ACE2
azelaic-acid,3.0,-0.03,100.2,A549-ACE2
azelaic-acid,30.0,0.01,103.2,A549-ACE2
fluphenazine,0.1,0.13,97.1,A549-ACE2
fluphenazine,0.3,0.02,98.6,A549-ACE2
fluphenazine,1.0,0.49,83.1,A549-ACE2
fluphenazine,3.0,0.75,44.4,A549-ACE2
glafenine,0.3,0.2,93.5,A549-ACE2
glafenine,10.0,0.42,97.1,A549-ACE2
glafenine,3.0,0.28,88.5,A549-ACE2
glafenine,30.0,0.74,53.3,A549-ACE2
pimozide,0.3,-0.1,98.6,A549-ACE2
pimozide,10.0,0.79,20.0,A549-ACE2
pimozide,3.0,0.46,83.0,A549-ACE2
pimozide,30.0,0.31,32.6,A549-ACE2
suloctidil,0.3,0.02,99.4,A549-ACE2
suloctidil,10.0,0.74,25.7,A549-ACE2
suloctidil,3.0,0.31,82.8,A549-ACE2
suloctidil,30.0,0.13,25.3,A549-ACE2
cycloheximide,0.3,0.91,60.8,A549-ACE2
cycloheximide,10.0,0.52,11.6,A549-ACE2
cycloheximide,3.0,0.69,8.3,A549-ACE2
cycloheximide,30.0,0.48,11.0,A549-ACE2
cyclosporin-A,0.3,0.08,98.1,A549-ACE2
cyclosporin-A,10.0,0.56,35.9,A549-ACE2
cyclosporin-A,3.0,0.55,54.3,A549-ACE2
cyclosporin-A,30.0,0.4,56.0,A549-ACE2
MONENSIN SODIUM,0.3,0.72,50.3,A549-ACE2
MONENSIN SODIUM,10.0,0.83,24.7,A549-ACE2
MONENSIN SODIUM,3.0,0.85,61.1,A549-ACE2
MONENSIN SODIUM,30.0,0.82,16.6,A549-ACE2
quinestrol,0.3,-0.03,103.3,A549-ACE2
quinestrol,10.0,0.68,40.5,A549-ACE2
quinestrol,3.0,0.43,85.3,A549-ACE2
quinestrol,30.0,0.01,42.1,A549-ACE2
fasudil,0.3,0.2,90.7,A549-ACE2
fasudil,10.0,0.3,94.9,A549-ACE2
fasudil,3.0,0.17,103.6,A549-ACE2
fasudil,30.0,0.09,99.5,A549-ACE2
mefloquine,0.1,-0.29,106.5,A549-ACE2
mefloquine,0.3,0.2,93.9,A549-ACE2
mefloquine,1.0,0.27,89.0,A549-ACE2
mefloquine,3.0,0.84,32.5,A549-ACE2
triflupromazine,0.3,0.09,95.6,A549-ACE2
triflupromazine,10.0,0.84,15.9,A549-ACE2
triflupromazine,3.0,0.65,53.0,A549-ACE2
triflupromazine,30.0,0.41,31.8,A549-ACE2
cinnarazine,0.3,-0.03,111.7,A549-ACE2
cinnarazine,10.0,0.31,90.5,A549-ACE2
cinnarazine,3.0,0.12,96.3,A549-ACE2
cinnarazine,30.0,0.56,75.3,A549-ACE2
perhexiline,0.1,-0.02,100.0,A549-ACE2
perhexiline,0.3,-0.25,104.2,A549-ACE2
perhexiline,1.0,0.35,78.8,A549-ACE2
perhexiline,3.0,0.91,35.9,A549-ACE2
metitepine,0.1,0.14,105.9,A549-ACE2
metitepine,0.3,0.39,90.5,A549-ACE2
metitepine,1.0,0.32,87.9,A549-ACE2
metitepine,3.0,0.72,47.0,A549-ACE2
selamectin,0.3,-0.14,102.6,A549-ACE2
selamectin,10.0,0.75,48.4,A549-ACE2
selamectin,3.0,0.43,78.9,A549-ACE2
selamectin,30.0,0.7,15.1,A549-ACE2
fluoxetine,0.3,0.06,97.7,A549-ACE2
fluoxetine,10.0,0.87,25.4,A549-ACE2
fluoxetine,3.0,0.64,63.1,A549-ACE2
fluoxetine,30.0,0.74,6.1,A549-ACE2
simvastatin,0.1,0.01,97.7,A549-ACE2
simvastatin,0.3,0.17,96.0,A549-ACE2
simvastatin,1.0,0.04,96.6,A549-ACE2
simvastatin,3.0,-0.23,106.6,A549-ACE2
miglitol,0.3,0.36,94.2,A549-ACE2
miglitol,10.0,0.02,102.7,A549-ACE2
miglitol,3.0,0.01,101.8,A549-ACE2
miglitol,30.0,-0.07,110.6,A549-ACE2
mycophenolate-mofetil,0.3,0.22,96.9,A549-ACE2
mycophenolate-mofetil,10.0,0.22,81.3,A549-ACE2
mycophenolate-mofetil,3.0,0.12,78.3,A549-ACE2
mycophenolate-mofetil,30.0,0.37,64.5,A549-ACE2
aztreonam,0.3,0.12,104.8,A549-ACE2
aztreonam,10.0,0.07,98.3,A549-ACE2
aztreonam,3.0,-0.22,108.9,A549-ACE2
aztreonam,30.0,0.28,92.7,A549-ACE2
amlodipine,0.3,-0.27,107.2,A549-ACE2
amlodipine,10.0,0.92,22.6,A549-ACE2
amlodipine,3.0,0.49,78.8,A549-ACE2
amlodipine,30.0,0.35,30.1,A549-ACE2
bifonazole,0.3,0.26,91.5,A549-ACE2
bifonazole,10.0,0.19,106.0,A549-ACE2
bifonazole,3.0,-0.04,103.1,A549-ACE2
bifonazole,30.0,0.57,89.4,A549-ACE2
cepharanthine,0.3,0.04,98.3,A549-ACE2
cepharanthine,10.0,0.79,69.0,A549-ACE2
cepharanthine,3.0,0.53,74.7,A549-ACE2
cepharanthine,30.0,0.49,26.6,A549-ACE2
securinine,0.3,-0.16,108.0,A549-ACE2
securinine,10.0,-0.24,108.6,A549-ACE2
securinine,3.0,-0.26,107.3,A549-ACE2
securinine,30.0,-0.11,87.0,A549-ACE2
MOMETASONE FUROATE,0.3,0.19,99.0,A549-ACE2
MOMETASONE FUROATE,10.0,0.6,28.4,A549-ACE2
MOMETASONE FUROATE,3.0,0.42,69.4,A549-ACE2
MOMETASONE FUROATE,30.0,0.34,71.2,A549-ACE2
duloxetine,0.3,0.09,103.9,A549-ACE2
duloxetine,10.0,0.8,37.4,A549-ACE2
duloxetine,3.0,0.1,94.0,A549-ACE2
duloxetine,30.0,0.78,9.3,A549-ACE2
raloxifene,0.1,-0.07,99.2,A549-ACE2
raloxifene,0.3,0.16,97.3,A549-ACE2
raloxifene,1.0,-0.1,104.3,A549-ACE2
raloxifene,3.0,0.42,84.4,A549-ACE2
toremifene,0.1,-0.1,104.8,A549-ACE2
toremifene,0.3,0.28,87.7,A549-ACE2
toremifene,1.0,0.36,89.0,A549-ACE2
toremifene,3.0,0.76,44.0,A549-ACE2
penfluridol,0.1,0.06,99.6,A549-ACE2
penfluridol,0.3,0.27,102.3,A549-ACE2
penfluridol,1.0,0.55,73.8,A549-ACE2
penfluridol,3.0,0.86,8.2,A549-ACE2
norfluoxetine,0.3,0.13,99.2,A549-ACE2
norfluoxetine,10.0,0.86,17.4,A549-ACE2
norfluoxetine,3.0,0.26,84.5,A549-ACE2
norfluoxetine,30.0,0.0,45.9,A549-ACE2
SB-216763,0.3,-0.36,109.2,A549-ACE2
SB-216763,10.0,-0.07,90.3,A549-ACE2
SB-216763,3.0,-0.27,100.8,A549-ACE2
SB-216763,30.0,-0.09,90.7,A549-ACE2
Y-29794,0.1,-0.04,99.3,A549-ACE2
Y-29794,0.3,0.17,95.3,A549-ACE2
Y-29794,1.0,0.57,73.8,A549-ACE2
Y-29794,3.0,0.88,22.6,A549-ACE2
U-18666A,0.1,-0.31,107.6,A549-ACE2
U-18666A,0.3,0.19,92.8,A549-ACE2
U-18666A,1.0,0.41,81.0,A549-ACE2
U-18666A,3.0,0.69,29.5,A549-ACE2
AY-9944,0.3,0.42,86.4,A549-ACE2
AY-9944,10.0,0.56,17.1,A549-ACE2
AY-9944,3.0,0.76,39.2,A549-ACE2
AY-9944,30.0,0.08,34.5,A549-ACE2
propiverine,0.3,0.19,94.9,A549-ACE2
propiverine,10.0,0.9,16.9,A549-ACE2
propiverine,3.0,0.77,50.6,A549-ACE2
propiverine,30.0,0.74,10.8,A549-ACE2
PD-102807,0.3,-0.2,105.4,A549-ACE2
PD-102807,10.0,0.82,25.3,A549-ACE2
PD-102807,3.0,0.69,58.9,A549-ACE2
PD-102807,30.0,0.42,25.5,A549-ACE2
RU-28318,0.3,0.12,98.4,A549-ACE2
RU-28318,10.0,0.07,97.4,A549-ACE2
RU-28318,3.0,-0.07,105.1,A549-ACE2
RU-28318,30.0,0.1,96.0,A549-ACE2
tecalcet,0.3,-0.35,110.9,A549-ACE2
tecalcet,10.0,0.9,52.3,A549-ACE2
tecalcet,3.0,0.47,84.2,A549-ACE2
tecalcet,30.0,0.78,10.4,A549-ACE2
R-96544,0.3,-0.09,105.2,A549-ACE2
R-96544,10.0,0.87,22.4,A549-ACE2
R-96544,3.0,0.68,61.6,A549-ACE2
R-96544,30.0,0.46,19.7,A549-ACE2
BAY-11-7082,0.1,0.0,106.4,A549-ACE2
BAY-11-7082,0.3,-0.16,98.6,A549-ACE2
BAY-11-7082,1.0,-0.29,108.4,A549-ACE2
BAY-11-7082,3.0,-0.27,106.9,A549-ACE2
nemonapride,0.3,-0.14,99.9,A549-ACE2
nemonapride,10.0,0.82,49.1,A549-ACE2
nemonapride,3.0,0.69,60.9,A549-ACE2
nemonapride,30.0,0.86,15.9,A549-ACE2
SR-33805,0.1,0.14,96.5,A549-ACE2
SR-33805,0.3,-0.02,97.2,A549-ACE2
SR-33805,1.0,0.01,93.1,A549-ACE2
SR-33805,3.0,0.85,24.0,A549-ACE2
bardoxolone,0.1,0.07,97.0,A549-ACE2
bardoxolone,0.3,-0.04,99.0,A549-ACE2
bardoxolone,1.0,-0.09,98.6,A549-ACE2
bardoxolone,3.0,-0.26,115.1,A549-ACE2
Y-26763,0.3,0.26,92.8,A549-ACE2
Y-26763,10.0,0.81,39.6,A549-ACE2
Y-26763,3.0,0.56,77.3,A549-ACE2
Y-26763,30.0,0.82,36.0,A549-ACE2
NTNCB,0.1,0.29,90.2,A549-ACE2
NTNCB,0.3,-0.23,102.4,A549-ACE2
NTNCB,1.0,0.28,84.1,A549-ACE2
NTNCB,3.0,0.73,36.4,A549-ACE2
mibefradil,0.3,-0.1,102.5,A549-ACE2
mibefradil,10.0,0.71,9.1,A549-ACE2
mibefradil,3.0,0.85,32.5,A549-ACE2
mibefradil,30.0,-0.08,83.7,A549-ACE2
CGP-71683,0.1,0.06,101.2,A549-ACE2
CGP-71683,0.3,-0.01,94.9,A549-ACE2
CGP-71683,1.0,0.19,90.3,A549-ACE2
CGP-71683,3.0,0.63,12.0,A549-ACE2
tilorone,0.1,0.26,88.0,A549-ACE2
tilorone,0.3,0.37,83.5,A549-ACE2
tilorone,1.0,0.45,77.0,A549-ACE2
tilorone,3.0,0.5,45.7,A549-ACE2
trequinsin,0.3,0.06,97.3,A549-ACE2
trequinsin,10.0,0.67,59.0,A549-ACE2
trequinsin,3.0,0.26,92.9,A549-ACE2
trequinsin,30.0,0.75,18.7,A549-ACE2
apafant,0.3,-0.03,100.8,A549-ACE2
apafant,10.0,-0.18,102.2,A549-ACE2
apafant,3.0,0.43,83.0,A549-ACE2
apafant,30.0,0.24,92.8,A549-ACE2
SNAP-5089,0.1,0.15,92.4,A549-ACE2
SNAP-5089,0.3,-0.06,106.9,A549-ACE2
SNAP-5089,1.0,0.43,84.5,A549-ACE2
SNAP-5089,3.0,0.87,22.9,A549-ACE2
BIBU-1361,0.3,0.01,98.1,A549-ACE2
BIBU-1361,10.0,0.28,27.4,A549-ACE2
BIBU-1361,3.0,0.87,26.4,A549-ACE2
BIBU-1361,30.0,-0.37,89.6,A549-ACE2
2-pyridylethylamine,0.3,-0.06,98.2,A549-ACE2
2-pyridylethylamine,10.0,-0.34,109.1,A549-ACE2
2-pyridylethylamine,3.0,-0.1,111.1,A549-ACE2
2-pyridylethylamine,30.0,0.18,94.6,A549-ACE2
costunolide,0.3,0.19,102.7,A549-ACE2
costunolide,10.0,-0.21,105.7,A549-ACE2
costunolide,3.0,-0.19,103.7,A549-ACE2
costunolide,30.0,0.15,66.3,A549-ACE2
NSC-3852,0.3,-0.15,106.4,A549-ACE2
NSC-3852,10.0,0.41,47.5,A549-ACE2
NSC-3852,3.0,-0.09,96.0,A549-ACE2
NSC-3852,30.0,0.64,14.0,A549-ACE2
10-DEBC,0.1,-0.05,108.5,A549-ACE2
10-DEBC,0.3,0.39,87.4,A549-ACE2
10-DEBC,1.0,0.55,76.0,A549-ACE2
10-DEBC,3.0,0.9,55.1,A549-ACE2
pifithrin-mu,0.1,-0.1,104.0,A549-ACE2
pifithrin-mu,0.3,-0.19,105.9,A549-ACE2
pifithrin-mu,1.0,0.29,89.7,A549-ACE2
pifithrin-mu,3.0,-0.06,101.3,A549-ACE2
BMS-191011,0.3,0.38,83.6,A549-ACE2
BMS-191011,10.0,0.05,99.1,A549-ACE2
BMS-191011,3.0,-0.01,102.1,A549-ACE2
BMS-191011,30.0,0.43,68.0,A549-ACE2
Y-134,0.3,-0.14,107.6,A549-ACE2
Y-134,10.0,0.74,22.8,A549-ACE2
Y-134,3.0,0.39,91.8,A549-ACE2
Y-134,30.0,0.12,31.8,A549-ACE2
JLK-6,0.3,0.09,95.2,A549-ACE2
JLK-6,10.0,0.28,92.9,A549-ACE2
JLK-6,3.0,-0.15,101.6,A549-ACE2
JLK-6,30.0,0.27,89.6,A549-ACE2
PHA-665752,0.1,-0.01,108.5,A549-ACE2
PHA-665752,0.3,0.51,83.3,A549-ACE2
PHA-665752,1.0,0.6,73.7,A549-ACE2
PHA-665752,3.0,0.73,25.5,A549-ACE2
PD-407824,0.1,0.39,94.6,A549-ACE2
PD-407824,0.3,0.41,95.5,A549-ACE2
PD-407824,1.0,0.36,91.6,A549-ACE2
PD-407824,3.0,0.29,87.7,A549-ACE2
NNC-05-2090,0.1,0.12,98.1,A549-ACE2
NNC-05-2090,0.3,0.04,98.2,A549-ACE2
NNC-05-2090,1.0,0.29,86.3,A549-ACE2
NNC-05-2090,3.0,0.85,34.4,A549-ACE2
gedunin,0.3,0.03,107.2,A549-ACE2
gedunin,10.0,0.06,98.2,A549-ACE2
gedunin,3.0,0.18,95.0,A549-ACE2
gedunin,30.0,0.52,84.7,A549-ACE2
revaprazan,0.3,0.16,91.1,A549-ACE2
revaprazan,10.0,0.78,32.7,A549-ACE2
revaprazan,3.0,0.59,61.2,A549-ACE2
revaprazan,30.0,0.77,19.2,A549-ACE2
CID-5458317,0.1,-0.03,96.3,A549-ACE2
CID-5458317,0.3,0.22,99.0,A549-ACE2
CID-5458317,1.0,-0.06,103.1,A549-ACE2
CID-5458317,3.0,0.11,92.5,A549-ACE2
GANT-61,0.3,-0.11,99.2,A549-ACE2
GANT-61,10.0,0.68,32.7,A549-ACE2
GANT-61,3.0,0.59,63.7,A549-ACE2
GANT-61,30.0,0.26,41.5,A549-ACE2
colforsin-daproate,0.1,0.33,88.0,A549-ACE2
colforsin-daproate,0.3,0.05,98.0,A549-ACE2
colforsin-daproate,1.0,-0.06,105.8,A549-ACE2
colforsin-daproate,3.0,-0.03,108.2,A549-ACE2
C-021,0.1,-0.18,100.8,A549-ACE2
C-021,0.3,0.6,75.1,A549-ACE2
C-021,1.0,0.77,33.7,A549-ACE2
C-021,3.0,0.25,17.0,A549-ACE2
CYM-5442,0.3,0.19,96.2,A549-ACE2
CYM-5442,10.0,0.84,12.9,A549-ACE2
CYM-5442,3.0,0.72,55.3,A549-ACE2
CYM-5442,30.0,0.62,18.9,A549-ACE2
BAN-ORL-24,0.3,-0.05,98.0,A549-ACE2
BAN-ORL-24,10.0,0.81,32.6,A549-ACE2
BAN-ORL-24,3.0,0.69,58.7,A549-ACE2
BAN-ORL-24,30.0,0.69,17.9,A549-ACE2
asenapine,0.3,0.2,94.1,A549-ACE2
asenapine,10.0,0.71,32.2,A549-ACE2
asenapine,3.0,0.63,59.4,A549-ACE2
asenapine,30.0,0.39,29.9,A549-ACE2
MCOPPB,0.3,0.38,88.9,A549-ACE2
MCOPPB,10.0,0.28,16.4,A549-ACE2
MCOPPB,3.0,0.73,23.4,A549-ACE2
MCOPPB,30.0,-0.06,27.0,A549-ACE2
BCTC,0.3,-0.23,106.0,A549-ACE2
BCTC,10.0,0.44,82.5,A549-ACE2
BCTC,3.0,0.37,93.9,A549-ACE2
BCTC,30.0,0.6,63.6,A549-ACE2
AMG-548,0.3,-0.14,99.0,A549-ACE2
AMG-548,10.0,0.82,26.9,A549-ACE2
AMG-548,3.0,0.22,71.3,A549-ACE2
AMG-548,30.0,0.53,10.6,A549-ACE2
L-760735,0.3,0.33,94.4,A549-ACE2
L-760735,10.0,0.79,21.4,A549-ACE2
L-760735,3.0,0.54,66.5,A549-ACE2
L-760735,30.0,0.29,29.5,A549-ACE2
BINA,0.3,0.43,87.0,A549-ACE2
BINA,10.0,0.17,107.8,A549-ACE2
BINA,3.0,0.13,96.1,A549-ACE2
BINA,30.0,0.23,101.0,A549-ACE2
P7C3,0.3,0.31,91.8,A549-ACE2
P7C3,10.0,0.71,52.6,A549-ACE2
P7C3,3.0,0.36,96.5,A549-ACE2
P7C3,30.0,0.45,21.1,A549-ACE2
SB-772077B,0.1,0.19,103.4,A549-ACE2
SB-772077B,0.3,0.18,105.1,A549-ACE2
SB-772077B,1.0,-0.07,109.3,A549-ACE2
SB-772077B,3.0,-0.12,104.9,A549-ACE2
VU0364739,0.3,-0.21,107.4,A549-ACE2
VU0364739,10.0,0.39,19.9,A549-ACE2
VU0364739,3.0,0.7,35.0,A549-ACE2
VU0364739,30.0,0.06,47.9,A549-ACE2
dynole-34-2,0.3,-0.05,104.9,A549-ACE2
GW-803430,0.3,0.28,97.7,A549-ACE2
GW-803430,10.0,0.87,20.1,A549-ACE2
GW-803430,3.0,0.6,72.8,A549-ACE2
GW-803430,30.0,0.67,17.5,A549-ACE2
SB-268262,0.1,-0.04,100.7,A549-ACE2
SB-268262,0.3,0.06,105.0,A549-ACE2
SB-268262,1.0,0.22,92.0,A549-ACE2
SB-268262,3.0,0.22,74.0,A549-ACE2
PhiKan-083,0.3,0.23,93.5,A549-ACE2
PhiKan-083,10.0,0.75,50.7,A549-ACE2
PhiKan-083,3.0,0.46,79.4,A549-ACE2
PhiKan-083,30.0,0.82,15.6,A549-ACE2
JHW-007,0.1,0.03,102.6,A549-ACE2
JHW-007,0.3,0.4,84.8,A549-ACE2
JHW-007,1.0,0.72,58.1,A549-ACE2
JHW-007,3.0,0.93,19.6,A549-ACE2
wiskostatin,0.1,0.02,107.0,A549-ACE2
wiskostatin,0.3,0.05,97.8,A549-ACE2
wiskostatin,1.0,0.24,87.1,A549-ACE2
wiskostatin,3.0,0.74,45.6,A549-ACE2
alantolactone,0.3,0.1,104.4,A549-ACE2
alantolactone,10.0,-0.07,90.7,A549-ACE2
alantolactone,3.0,-0.12,92.3,A549-ACE2
alantolactone,30.0,0.21,35.4,A549-ACE2
GNF-5837,0.3,-0.14,102.7,A549-ACE2
GNF-5837,10.0,0.82,21.6,A549-ACE2
GNF-5837,3.0,0.36,84.6,A549-ACE2
GNF-5837,30.0,0.59,43.7,A549-ACE2
IT1t,0.3,0.49,80.9,A549-ACE2
IT1t,10.0,0.77,29.4,A549-ACE2
IT1t,3.0,0.76,47.4,A549-ACE2
IT1t,30.0,0.48,22.1,A549-ACE2
CCT-031374,0.3,-0.08,105.2,A549-ACE2
CCT-031374,10.0,0.78,14.0,A549-ACE2
CCT-031374,3.0,0.58,67.0,A549-ACE2
CCT-031374,30.0,-0.05,50.6,A549-ACE2
CYM-50358,0.3,0.02,101.1,A549-ACE2
CYM-50358,10.0,0.68,10.3,A549-ACE2
CYM-50358,3.0,0.84,34.4,A549-ACE2
CYM-50358,30.0,-0.13,43.0,A549-ACE2
PPY-A,0.3,0.47,81.4,A549-ACE2
PPY-A,10.0,0.46,70.3,A549-ACE2
PPY-A,3.0,0.47,78.1,A549-ACE2
PPY-A,30.0,0.46,83.6,A549-ACE2
BETP,0.3,-0.19,102.8,A549-ACE2
BETP,10.0,0.36,73.1,A549-ACE2
BETP,3.0,0.46,76.5,A549-ACE2
BETP,30.0,0.18,55.1,A549-ACE2
NS-3861,0.3,-0.0,96.9,A549-ACE2
NS-3861,10.0,0.4,75.2,A549-ACE2
NS-3861,3.0,0.45,82.9,A549-ACE2
NS-3861,30.0,0.77,41.1,A549-ACE2
RU-SKI-43,0.3,-0.05,102.4,A549-ACE2
RU-SKI-43,10.0,0.83,24.5,A549-ACE2
RU-SKI-43,3.0,0.65,59.5,A549-ACE2
RU-SKI-43,30.0,0.3,23.9,A549-ACE2
ML298,0.3,-0.08,100.4,A549-ACE2
ML298,10.0,0.74,31.9,A549-ACE2
ML298,3.0,0.43,83.3,A549-ACE2
ML298,30.0,0.22,25.1,A549-ACE2
JW-642,0.3,-0.02,99.5,A549-ACE2
JW-642,10.0,-0.04,99.5,A549-ACE2
JW-642,3.0,0.31,88.2,A549-ACE2
JW-642,30.0,0.29,89.8,A549-ACE2
AS-1892802,0.1,0.27,97.5,A549-ACE2
AS-1892802,0.3,0.23,100.5,A549-ACE2
AS-1892802,1.0,0.26,94.4,A549-ACE2
AS-1892802,3.0,-0.17,110.2,A549-ACE2
pyrintegrin,0.1,0.18,103.8,A549-ACE2
pyrintegrin,0.3,0.28,102.6,A549-ACE2
pyrintegrin,1.0,0.52,80.6,A549-ACE2
pyrintegrin,3.0,0.4,60.0,A549-ACE2
K02288,0.3,0.01,101.4,A549-ACE2
K02288,10.0,0.31,93.4,A549-ACE2
K02288,3.0,0.39,103.2,A549-ACE2
K02288,30.0,0.16,91.0,A549-ACE2
DDR1-IN-1,0.1,-0.13,98.0,A549-ACE2
DDR1-IN-1,0.3,-0.1,95.8,A549-ACE2
DDR1-IN-1,1.0,0.26,61.2,A549-ACE2
DDR1-IN-1,3.0,0.78,25.7,A549-ACE2
A12B4C3,0.3,0.31,92.3,A549-ACE2
A12B4C3,10.0,0.65,67.6,A549-ACE2
A12B4C3,3.0,0.4,95.2,A549-ACE2
A12B4C3,30.0,0.6,37.2,A549-ACE2
GSK2606414,0.1,0.02,102.2,A549-ACE2
GSK2606414,0.3,0.18,96.5,A549-ACE2
GSK2606414,1.0,0.12,101.8,A549-ACE2
GSK2606414,3.0,0.4,87.2,A549-ACE2
FLI-06,0.1,-0.06,111.2,A549-ACE2
FLI-06,0.3,-0.11,100.2,A549-ACE2
FLI-06,1.0,0.02,101.3,A549-ACE2
FLI-06,3.0,0.52,50.7,A549-ACE2
AZ191,0.1,0.14,94.8,A549-ACE2
AZ191,0.3,0.19,103.1,A549-ACE2
AZ191,1.0,0.38,94.5,A549-ACE2
AZ191,3.0,0.74,52.9,A549-ACE2
NVP-ADW742,0.1,0.14,98.0,A549-ACE2
NVP-ADW742,0.3,0.2,93.5,A549-ACE2
NVP-ADW742,1.0,0.46,75.1,A549-ACE2
NVP-ADW742,3.0,0.75,29.6,A549-ACE2
KG-5,0.1,0.24,93.5,A549-ACE2
KG-5,0.3,-0.1,106.8,A549-ACE2
KG-5,1.0,-0.15,110.7,A549-ACE2
KG-5,3.0,-0.1,116.2,A549-ACE2
SPP86,0.3,0.34,89.9,A549-ACE2
SPP86,10.0,0.54,52.9,A549-ACE2
SPP86,3.0,0.41,89.3,A549-ACE2
SPP86,30.0,0.29,31.6,A549-ACE2
TAK-960,0.1,-0.06,107.4,A549-ACE2
TAK-960,0.3,-0.01,103.5,A549-ACE2
TAK-960,1.0,0.15,87.7,A549-ACE2
TAK-960,3.0,0.58,37.2,A549-ACE2
BMS-566419,0.3,0.33,92.2,A549-ACE2
BMS-566419,10.0,0.74,10.6,A549-ACE2
BMS-566419,3.0,0.74,33.9,A549-ACE2
BMS-566419,30.0,0.53,24.6,A549-ACE2
AMG-PERK-44,0.3,-0.16,107.4,A549-ACE2
AMG-PERK-44,10.0,0.05,91.1,A549-ACE2
AMG-PERK-44,3.0,0.09,85.7,A549-ACE2
AMG-PERK-44,30.0,0.57,50.9,A549-ACE2
BS-181,0.3,0.12,99.2,A549-ACE2
BS-181,10.0,0.93,8.6,A549-ACE2
BS-181,3.0,0.87,36.8,A549-ACE2
BS-181,30.0,0.26,24.7,A549-ACE2
HTH-01-015,0.1,-0.27,105.0,A549-ACE2
HTH-01-015,0.3,0.2,104.8,A549-ACE2
HTH-01-015,1.0,0.04,99.6,A549-ACE2
HTH-01-015,3.0,0.67,76.6,A549-ACE2
sulforaphane,0.3,0.21,95.1,A549-ACE2
sulforaphane,10.0,0.32,79.3,A549-ACE2
sulforaphane,3.0,-0.05,95.2,A549-ACE2
sulforaphane,30.0,0.82,17.7,A549-ACE2
axitinib,0.3,0.34,92.0,A549-ACE2
axitinib,10.0,0.35,95.9,A549-ACE2
axitinib,3.0,0.32,98.0,A549-ACE2
axitinib,30.0,0.49,91.1,A549-ACE2
ASC-J9,0.3,0.01,98.2,A549-ACE2
ASC-J9,10.0,0.38,86.7,A549-ACE2
ASC-J9,3.0,-0.06,96.5,A549-ACE2
ASC-J9,30.0,0.56,25.0,A549-ACE2
flupentixol,0.3,0.2,96.9,A549-ACE2
flupentixol,10.0,0.88,17.4,A549-ACE2
flupentixol,3.0,0.62,65.9,A549-ACE2
flupentixol,30.0,0.36,45.7,A549-ACE2
homochlorcyclizine,0.3,0.01,97.0,A549-ACE2
homochlorcyclizine,10.0,0.84,19.7,A549-ACE2
homochlorcyclizine,3.0,0.71,51.4,A549-ACE2
homochlorcyclizine,30.0,0.53,19.2,A549-ACE2
IKK-16,0.1,-0.12,101.5,A549-ACE2
IKK-16,0.3,-0.2,103.5,A549-ACE2
IKK-16,1.0,0.57,62.1,A549-ACE2
IKK-16,3.0,0.49,18.5,A549-ACE2
moxaverine,0.3,-0.15,103.5,A549-ACE2
moxaverine,10.0,0.51,71.4,A549-ACE2
moxaverine,3.0,0.3,94.8,A549-ACE2
moxaverine,30.0,0.66,51.7,A549-ACE2
droloxifene,0.3,0.24,93.3,A549-ACE2
droloxifene,10.0,0.81,12.9,A549-ACE2
droloxifene,3.0,0.61,63.6,A549-ACE2
droloxifene,30.0,0.15,39.1,A549-ACE2
nelfinavir,0.3,0.27,95.2,A549-ACE2
nelfinavir,10.0,0.69,69.4,A549-ACE2
nelfinavir,3.0,0.2,102.3,A549-ACE2
nelfinavir,30.0,0.42,10.0,A549-ACE2
lofemizole,0.3,0.05,94.5,A549-ACE2
lofemizole,10.0,-0.16,105.2,A549-ACE2
lofemizole,3.0,0.07,103.9,A549-ACE2
lofemizole,30.0,-0.13,100.1,A549-ACE2
afimoxifene,0.3,-0.03,112.1,A549-ACE2
afimoxifene,10.0,0.82,13.2,A549-ACE2
afimoxifene,3.0,0.75,47.1,A549-ACE2
afimoxifene,30.0,-0.14,68.2,A549-ACE2
NT157,0.1,0.06,103.9,A549-ACE2
NT157,0.3,0.02,103.0,A549-ACE2
NT157,1.0,-0.23,104.6,A549-ACE2
NT157,3.0,-0.08,101.1,A549-ACE2
TA-01,0.3,-0.14,94.8,A549-ACE2
TA-01,10.0,0.39,70.6,A549-ACE2
TA-01,3.0,0.04,83.1,A549-ACE2
TA-01,30.0,0.07,78.6,A549-ACE2
bortezomib,0.3,0.26,45.5,A549-ACE2
bortezomib,10.0,0.29,15.7,A549-ACE2
bortezomib,3.0,0.33,21.4,A549-ACE2
bortezomib,30.0,0.23,23.4,A549-ACE2
sunitinib,0.1,0.28,96.0,A549-ACE2
sunitinib,0.3,0.35,93.4,A549-ACE2
sunitinib,1.0,0.53,70.6,A549-ACE2
sunitinib,3.0,0.51,36.8,A549-ACE2
toceranib,0.1,0.22,87.9,A549-ACE2
toceranib,0.3,-0.03,107.0,A549-ACE2
toceranib,1.0,0.33,100.4,A549-ACE2
toceranib,3.0,0.51,80.2,A549-ACE2
MLN9708,0.1,0.35,88.1,A549-ACE2
MLN9708,0.3,0.28,82.6,A549-ACE2
MLN9708,1.0,0.27,47.7,A549-ACE2
MLN9708,3.0,0.28,32.9,A549-ACE2
PD-153035,0.3,-0.2,107.4,A549-ACE2
PD-153035,10.0,0.64,33.3,A549-ACE2
PD-153035,3.0,0.38,86.0,A549-ACE2
PD-153035,30.0,-0.06,63.6,A549-ACE2
ozanimod,0.1,0.14,96.2,A549-ACE2
ozanimod,0.3,0.03,110.5,A549-ACE2
ozanimod,1.0,0.33,91.5,A549-ACE2
ozanimod,3.0,0.77,44.1,A549-ACE2
DU-728,0.3,0.14,100.1,A549-ACE2
DU-728,10.0,-0.04,101.8,A549-ACE2
DU-728,3.0,-0.11,100.8,A549-ACE2
DU-728,30.0,0.1,98.5,A549-ACE2
GK921,0.1,0.03,99.8,A549-ACE2
GK921,0.3,-0.05,101.8,A549-ACE2
GK921,1.0,0.02,101.0,A549-ACE2
GK921,3.0,0.48,52.9,A549-ACE2
SAR405,0.1,0.11,94.4,A549-ACE2
SAR405,0.3,0.09,87.9,A549-ACE2
SAR405,1.0,0.48,57.9,A549-ACE2
SAR405,3.0,0.5,30.6,A549-ACE2
LDC1267,0.3,0.32,91.5,A549-ACE2
LDC1267,10.0,0.23,90.0,A549-ACE2
LDC1267,3.0,0.25,106.9,A549-ACE2
LDC1267,30.0,0.15,92.8,A549-ACE2
ISRIB,0.3,-0.01,99.9,A549-ACE2
ISRIB,10.0,0.01,102.6,A549-ACE2
ISRIB,3.0,0.03,95.9,A549-ACE2
ISRIB,30.0,-0.2,108.1,A549-ACE2
URMC-099,0.1,0.26,99.5,A549-ACE2
URMC-099,0.3,0.36,102.3,A549-ACE2
URMC-099,1.0,0.6,85.1,A549-ACE2
URMC-099,3.0,0.68,18.4,A549-ACE2
BLU9931,0.3,0.15,102.5,A549-ACE2
BLU9931,10.0,0.26,77.0,A549-ACE2
BLU9931,3.0,0.3,95.7,A549-ACE2
BLU9931,30.0,0.43,65.2,A549-ACE2
MK2-IN-1,0.1,0.14,96.8,A549-ACE2
MK2-IN-1,0.3,0.26,88.2,A549-ACE2
MK2-IN-1,1.0,0.34,76.6,A549-ACE2
MK2-IN-1,3.0,0.74,28.9,A549-ACE2
biperiden,0.3,-0.01,106.4,A549-ACE2
biperiden,10.0,0.74,55.2,A549-ACE2
biperiden,3.0,0.49,75.5,A549-ACE2
biperiden,30.0,0.76,43.7,A549-ACE2
meisoindigo,0.1,-0.25,103.5,A549-ACE2
meisoindigo,0.3,-0.21,103.0,A549-ACE2
meisoindigo,1.0,-0.24,101.7,A549-ACE2
meisoindigo,3.0,-0.12,97.2,A549-ACE2
UNC0646,0.3,0.28,91.8,A549-ACE2
UNC0646,10.0,0.92,25.7,A549-ACE2
UNC0646,3.0,0.67,67.8,A549-ACE2
UNC0646,30.0,-0.11,46.5,A549-ACE2
flumatinib,0.3,0.25,96.5,A549-ACE2
flumatinib,10.0,0.69,45.0,A549-ACE2
flumatinib,3.0,0.65,59.4,A549-ACE2
flumatinib,30.0,0.0,18.9,A549-ACE2
UNC0642,0.3,0.09,87.0,A549-ACE2
UNC0642,10.0,0.09,12.7,A549-ACE2
UNC0642,3.0,0.76,21.3,A549-ACE2
UNC0642,30.0,-0.23,34.5,A549-ACE2
siramesine,0.1,0.38,93.1,A549-ACE2
siramesine,0.3,0.75,50.4,A549-ACE2
siramesine,1.0,0.69,59.9,A549-ACE2
siramesine,3.0,0.84,26.3,A549-ACE2
pimavanserin,0.3,-0.07,99.5,A549-ACE2
STA-5326,0.3,-0.01,51.0,A549-ACE2
STA-5326,10.0,0.0,90.9,A549-ACE2
STA-5326,3.0,-0.14,76.8,A549-ACE2
STA-5326,30.0,0.18,34.9,A549-ACE2
lomitapide,0.1,-0.14,98.0,A549-ACE2
lomitapide,0.3,0.12,93.4,A549-ACE2
lomitapide,1.0,0.6,71.6,A549-ACE2
lomitapide,3.0,0.91,11.8,A549-ACE2
BAY-61-3606,0.1,0.21,94.3,A549-ACE2
BAY-61-3606,0.3,0.16,101.1,A549-ACE2
BAY-61-3606,1.0,0.02,106.8,A549-ACE2
BAY-61-3606,3.0,0.48,81.5,A549-ACE2
ELN-441958,0.3,0.24,98.4,A549-ACE2
ELN-441958,10.0,0.76,16.5,A549-ACE2
ELN-441958,3.0,0.55,85.1,A549-ACE2
ELN-441958,30.0,0.13,15.9,A549-ACE2
balicatib,0.3,0.39,86.4,A549-ACE2
balicatib,10.0,0.78,33.4,A549-ACE2
balicatib,3.0,0.76,44.8,A549-ACE2
balicatib,30.0,0.83,20.5,A549-ACE2
UNC0638,0.3,0.28,92.0,A549-ACE2
UNC0638,10.0,0.07,13.1,A549-ACE2
UNC0638,3.0,0.76,21.5,A549-ACE2
UNC0638,30.0,-0.22,36.9,A549-ACE2
copanlisib,0.1,0.23,100.8,A549-ACE2
copanlisib,0.3,0.09,97.4,A549-ACE2
copanlisib,1.0,0.35,89.6,A549-ACE2
copanlisib,3.0,0.32,91.5,A549-ACE2
ceritinib,0.1,0.01,109.9,A549-ACE2
ceritinib,0.3,0.04,96.4,A549-ACE2
ceritinib,1.0,0.56,65.0,A549-ACE2
ceritinib,3.0,0.69,44.3,A549-ACE2
APY0201,0.3,0.21,40.5,A549-ACE2
APY0201,10.0,-0.03,72.2,A549-ACE2
APY0201,3.0,-0.06,71.9,A549-ACE2
APY0201,30.0,-0.04,65.5,A549-ACE2
arglabin,0.3,0.02,104.6,A549-ACE2
arglabin,10.0,-0.15,94.8,A549-ACE2
arglabin,3.0,0.01,93.7,A549-ACE2
arglabin,30.0,0.3,32.7,A549-ACE2
LY2090314,0.3,-0.23,113.6,A549-ACE2
LY2090314,10.0,-0.05,92.1,A549-ACE2
LY2090314,3.0,-0.14,108.5,A549-ACE2
LY2090314,30.0,0.41,48.7,A549-ACE2
NKP-1339,0.3,0.32,94.6,A549-ACE2
NKP-1339,10.0,0.14,96.9,A549-ACE2
NKP-1339,3.0,0.06,98.7,A549-ACE2
NKP-1339,30.0,0.16,90.9,A549-ACE2
VU0240551,0.3,-0.03,104.7,A549-ACE2
VU0240551,10.0,0.25,91.8,A549-ACE2
VU0240551,3.0,0.29,88.3,A549-ACE2
VU0240551,30.0,0.25,83.8,A549-ACE2
pexidartinib,0.3,-0.17,104.0,A549-ACE2
pexidartinib,10.0,0.25,103.1,A549-ACE2
pexidartinib,3.0,0.07,101.9,A549-ACE2
pexidartinib,30.0,0.46,67.3,A549-ACE2
salmeterol,0.3,-0.02,107.4,A549-ACE2
salmeterol,10.0,0.89,19.1,A549-ACE2
salmeterol,3.0,0.14,90.9,A549-ACE2
salmeterol,30.0,0.58,16.7,A549-ACE2
satraplatin,0.1,0.11,106.7,A549-ACE2
satraplatin,0.3,-0.19,108.2,A549-ACE2
satraplatin,1.0,0.26,90.5,A549-ACE2
satraplatin,3.0,0.04,97.1,A549-ACE2
Ro-48-8071,0.3,-0.04,101.9,A549-ACE2
Ro-48-8071,10.0,0.73,25.1,A549-ACE2
Ro-48-8071,3.0,0.67,59.5,A549-ACE2
Ro-48-8071,30.0,0.1,38.4,A549-ACE2
K-Ras(G12C)-inhibitor-12,0.3,0.34,73.8,A549-ACE2
K-Ras(G12C)-inhibitor-12,10.0,0.03,76.3,A549-ACE2
K-Ras(G12C)-inhibitor-12,3.0,0.05,85.9,A549-ACE2
K-Ras(G12C)-inhibitor-12,30.0,-0.03,76.6,A549-ACE2
ARQ-092,0.3,-0.1,106.6,A549-ACE2
ARQ-092,10.0,0.54,24.9,A549-ACE2
ARQ-092,3.0,0.72,50.6,A549-ACE2
ARQ-092,30.0,-0.21,78.1,A549-ACE2
3PO,0.3,0.39,92.6,A549-ACE2
3PO,10.0,0.28,96.2,A549-ACE2
3PO,3.0,-0.12,108.1,A549-ACE2
3PO,30.0,0.47,82.1,A549-ACE2
cot-inhibitor-2,0.3,0.17,93.1,A549-ACE2
cot-inhibitor-2,10.0,0.43,25.8,A549-ACE2
cot-inhibitor-2,3.0,0.77,46.5,A549-ACE2
BCX-1470,0.3,0.04,97.2,A549-ACE2
BCX-1470,10.0,0.59,53.9,A549-ACE2
BCX-1470,3.0,-0.11,99.3,A549-ACE2
BCX-1470,30.0,0.38,22.2,A549-ACE2
lasofoxifene,0.1,0.1,97.6,A549-ACE2
lasofoxifene,0.3,0.07,94.7,A549-ACE2
lasofoxifene,1.0,0.48,78.3,A549-ACE2
lasofoxifene,3.0,0.72,39.8,A549-ACE2
auranofin,0.1,0.03,96.0,A549-ACE2
auranofin,0.3,0.11,91.1,A549-ACE2
auranofin,1.0,0.34,85.5,A549-ACE2
auranofin,3.0,0.39,64.1,A549-ACE2
bruceantin,0.1,0.3,11.5,A549-ACE2
bruceantin,0.3,0.26,15.7,A549-ACE2
bruceantin,1.0,0.24,20.2,A549-ACE2
bruceantin,3.0,0.33,12.3,A549-ACE2
GTS21,0.3,-0.18,108.1,A549-ACE2
GTS21,10.0,0.24,85.9,A549-ACE2
GTS21,3.0,-0.04,99.3,A549-ACE2
GTS21,30.0,0.78,28.0,A549-ACE2
fendiline,0.3,-0.14,99.9,A549-ACE2
fendiline,10.0,0.9,13.3,A549-ACE2
fendiline,3.0,0.77,46.9,A549-ACE2
fendiline,30.0,0.08,44.8,A549-ACE2
cyclovalone,0.3,0.08,96.4,A549-ACE2
cyclovalone,10.0,0.05,98.4,A549-ACE2
cyclovalone,3.0,0.06,103.1,A549-ACE2
cyclovalone,30.0,0.46,20.6,A549-ACE2
gallium-triquinolin-8-olate,0.3,0.25,98.3,A549-ACE2
gallium-triquinolin-8-olate,10.0,0.75,23.1,A549-ACE2
gallium-triquinolin-8-olate,3.0,0.64,50.1,A549-ACE2
gallium-triquinolin-8-olate,30.0,0.35,23.1,A549-ACE2
harringtonine,0.3,0.57,4.7,A549-ACE2
harringtonine,10.0,0.27,12.3,A549-ACE2
harringtonine,3.0,0.26,20.9,A549-ACE2
harringtonine,30.0,0.29,33.4,A549-ACE2
madrasin,0.3,0.29,90.3,A549-ACE2
madrasin,10.0,0.2,95.7,A549-ACE2
madrasin,3.0,0.36,87.9,A549-ACE2
madrasin,30.0,0.75,1.5,A549-ACE2
thiethylperazine,0.3,0.15,98.7,A549-ACE2
thiethylperazine,10.0,0.8,11.5,A549-ACE2
thiethylperazine,3.0,0.81,40.1,A549-ACE2
thiethylperazine,30.0,-0.01,60.8,A549-ACE2
haloprogin,0.3,0.18,97.3,A549-ACE2
haloprogin,10.0,0.28,71.2,A549-ACE2
haloprogin,3.0,0.44,82.7,A549-ACE2
haloprogin,30.0,0.1,15.1,A549-ACE2
metixene,0.1,0.09,94.4,A549-ACE2
metixene,0.3,-0.03,103.3,A549-ACE2
metixene,1.0,0.65,65.4,A549-ACE2
metixene,3.0,0.88,29.8,A549-ACE2
parthenolide-(alternate-stereo),0.1,0.04,101.1,A549-ACE2
parthenolide-(alternate-stereo),0.3,0.19,94.6,A549-ACE2
parthenolide-(alternate-stereo),1.0,-0.14,103.3,A549-ACE2
parthenolide-(alternate-stereo),3.0,-0.27,100.1,A549-ACE2
prenylamine,0.3,-0.02,108.4,A549-ACE2
prenylamine,10.0,0.92,6.0,A549-ACE2
prenylamine,3.0,0.78,46.6,A549-ACE2
prenylamine,30.0,-0.09,42.6,A549-ACE2
PF-03882845,0.3,-0.02,101.1,A549-ACE2
PF-03882845,10.0,-0.01,97.5,A549-ACE2
PF-03882845,3.0,0.24,99.4,A549-ACE2
PF-03882845,30.0,0.57,75.3,A549-ACE2
PD-156707,0.3,-0.18,101.5,A549-ACE2
PD-156707,10.0,0.6,42.0,A549-ACE2
PD-156707,3.0,0.12,94.8,A549-ACE2
PD-156707,30.0,0.36,15.6,A549-ACE2
mepazine,0.3,0.02,101.6,A549-ACE2
mepazine,10.0,0.86,16.4,A549-ACE2
mepazine,3.0,0.61,59.0,A549-ACE2
mepazine,30.0,0.32,26.6,A549-ACE2
imatinib,0.3,0.28,96.7,A549-ACE2
imatinib,10.0,0.73,30.5,A549-ACE2
imatinib,3.0,0.55,80.5,A549-ACE2
imatinib,30.0,-0.03,49.5,A549-ACE2
PIK-293,0.3,0.21,88.8,A549-ACE2
PIK-293,10.0,0.02,69.9,A549-ACE2
PIK-293,3.0,0.76,27.0,A549-ACE2
sorafenib,0.1,-0.27,109.5,A549-ACE2
sorafenib,0.3,-0.32,103.5,A549-ACE2
sorafenib,1.0,-0.4,116.5,A549-ACE2
sorafenib,3.0,-0.27,103.5,A549-ACE2
STF-62247,0.1,0.25,92.2,A549-ACE2
STF-62247,0.3,0.02,90.9,A549-ACE2
STF-62247,1.0,0.28,83.0,A549-ACE2
STF-62247,3.0,0.31,50.0,A549-ACE2
elesclomol,0.3,0.17,92.6,A549-ACE2
elesclomol,10.0,0.52,99.3,A549-ACE2
elesclomol,3.0,0.63,67.7,A549-ACE2
elesclomol,30.0,0.39,85.9,A549-ACE2
masitinib,0.3,0.14,97.7,A549-ACE2
crizotinib-(S),0.1,0.15,95.9,A549-ACE2
crizotinib-(S),0.3,0.07,98.6,A549-ACE2
crizotinib-(S),1.0,0.27,93.5,A549-ACE2
crizotinib-(S),3.0,0.6,35.7,A549-ACE2
MK-2206,0.1,0.19,104.8,A549-ACE2
MK-2206,0.3,0.27,100.5,A549-ACE2
MK-2206,1.0,0.3,96.9,A549-ACE2
MK-2206,3.0,0.79,28.6,A549-ACE2
SU11274,0.3,0.29,89.0,A549-ACE2
SU11274,10.0,0.45,20.3,A549-ACE2
SU11274,3.0,0.61,45.5,A549-ACE2
SU11274,30.0,0.53,33.8,A549-ACE2
serdemetan,0.3,-0.18,105.6,A549-ACE2
serdemetan,10.0,0.82,22.4,A549-ACE2
serdemetan,3.0,0.58,72.3,A549-ACE2
serdemetan,30.0,0.17,43.3,A549-ACE2
YM-201636,0.3,0.31,89.8,A549-ACE2
YM-201636,10.0,0.08,62.6,A549-ACE2
YM-201636,3.0,0.45,46.9,A549-ACE2
YM-201636,30.0,-0.12,110.4,A549-ACE2
cinacalcet,0.3,0.09,92.7,A549-ACE2
cinacalcet,10.0,0.55,54.4,A549-ACE2
cinacalcet,3.0,0.67,59.1,A549-ACE2
PD-173074,0.1,0.01,104.6,A549-ACE2
PD-173074,0.3,-0.12,105.2,A549-ACE2
PD-173074,1.0,0.28,96.0,A549-ACE2
PD-173074,3.0,0.68,34.9,A549-ACE2
ruxolitinib-(S),0.3,0.15,109.4,A549-ACE2
ruxolitinib-(S),10.0,-0.08,112.0,A549-ACE2
ruxolitinib-(S),3.0,0.17,110.0,A549-ACE2
ruxolitinib-(S),30.0,-0.15,119.0,A549-ACE2
thiazovivin,0.1,0.31,97.6,A549-ACE2
thiazovivin,0.3,0.18,100.7,A549-ACE2
thiazovivin,1.0,0.16,97.9,A549-ACE2
thiazovivin,3.0,-0.1,108.0,A549-ACE2
LY2228820,0.3,-0.39,118.0,A549-ACE2
LY2228820,10.0,0.96,4.1,A549-ACE2
LY2228820,3.0,0.95,7.9,A549-ACE2
LY2228820,30.0,0.66,8.0,A549-ACE2
AM-1241,0.3,0.18,106.5,A549-ACE2
AM-1241,10.0,0.87,62.6,A549-ACE2
AM-1241,3.0,0.36,85.0,A549-ACE2
AM-1241,30.0,0.66,32.8,A549-ACE2
KU-60019,0.3,0.15,107.9,A549-ACE2
KU-60019,10.0,0.57,62.1,A549-ACE2
KU-60019,3.0,0.09,97.9,A549-ACE2
KU-60019,30.0,0.45,68.4,A549-ACE2
doramapimod,0.3,-0.27,104.5,A549-ACE2
doramapimod,10.0,0.7,71.9,A549-ACE2
doramapimod,3.0,0.36,68.1,A549-ACE2
doramapimod,30.0,0.44,16.4,A549-ACE2
tie2-kinase-inhibitor,0.3,0.15,98.2,A549-ACE2
tie2-kinase-inhibitor,10.0,0.69,42.5,A549-ACE2
tie2-kinase-inhibitor,3.0,0.39,86.9,A549-ACE2
tie2-kinase-inhibitor,30.0,0.58,59.2,A549-ACE2
curcumin,0.3,-0.12,102.1,A549-ACE2
curcumin,10.0,0.27,98.6,A549-ACE2
curcumin,3.0,0.05,93.5,A549-ACE2
curcumin,30.0,0.48,13.9,A549-ACE2
dronedarone,0.1,0.12,94.6,A549-ACE2
dronedarone,0.3,0.11,94.1,A549-ACE2
dronedarone,1.0,0.64,65.0,A549-ACE2
dronedarone,3.0,0.81,12.7,A549-ACE2
bazedoxifene,0.1,0.02,97.0,A549-ACE2
bazedoxifene,0.3,0.05,103.2,A549-ACE2
bazedoxifene,1.0,0.36,85.4,A549-ACE2
bazedoxifene,3.0,0.83,22.0,A549-ACE2
LY2608204,0.3,0.2,94.0,A549-ACE2
LY2608204,10.0,0.6,8.0,A549-ACE2
LY2608204,3.0,0.84,26.6,A549-ACE2
LY2608204,30.0,-0.07,43.6,A549-ACE2
KW-2449,0.3,0.33,98.5,A549-ACE2
KW-2449,10.0,0.62,26.2,A549-ACE2
KW-2449,3.0,0.51,79.2,A549-ACE2
KW-2449,30.0,0.12,40.0,A549-ACE2
ixazomib,0.1,0.03,99.3,A549-ACE2
ixazomib,0.3,0.25,98.2,A549-ACE2
ixazomib,1.0,0.26,64.2,A549-ACE2
ixazomib,3.0,0.26,46.0,A549-ACE2
ixazomib-citrate,0.1,0.41,81.2,A549-ACE2
ixazomib-citrate,0.3,0.25,84.9,A549-ACE2
ixazomib-citrate,1.0,0.3,47.0,A549-ACE2
ixazomib-citrate,3.0,0.28,43.2,A549-ACE2
NVP-BGJ398,0.1,0.05,99.3,A549-ACE2
NVP-BGJ398,0.3,-0.02,100.3,A549-ACE2
NVP-BGJ398,1.0,0.02,110.5,A549-ACE2
NVP-BGJ398,3.0,0.2,97.4,A549-ACE2
GSK461364,0.1,0.01,104.2,A549-ACE2
GSK461364,0.3,0.06,101.3,A549-ACE2
GSK461364,1.0,0.19,103.3,A549-ACE2
GSK461364,3.0,0.65,35.7,A549-ACE2
SGI-1776,0.1,0.31,94.1,A549-ACE2
SGI-1776,0.3,-0.09,105.8,A549-ACE2
SGI-1776,1.0,0.43,83.9,A549-ACE2
SGI-1776,3.0,0.76,47.7,A549-ACE2
metatinib,0.3,-0.24,101.4,A549-ACE2
metatinib,10.0,0.16,96.9,A549-ACE2
metatinib,3.0,-0.08,91.5,A549-ACE2
metatinib,30.0,0.34,59.6,A549-ACE2
NVP-BHG712,0.3,-0.1,99.1,A549-ACE2
NVP-BHG712,10.0,0.14,40.9,A549-ACE2
NVP-BHG712,3.0,0.35,68.2,A549-ACE2
NVP-BHG712,30.0,0.25,84.4,A549-ACE2
UK-383367,0.3,-0.06,101.8,A549-ACE2
UK-383367,10.0,0.38,89.4,A549-ACE2
UK-383367,3.0,0.0,98.3,A549-ACE2
UK-383367,30.0,0.25,94.5,A549-ACE2
andrographolide,0.1,-0.02,103.5,A549-ACE2
andrographolide,0.3,-0.22,110.3,A549-ACE2
andrographolide,1.0,-0.15,110.6,A549-ACE2
andrographolide,3.0,-0.17,101.5,A549-ACE2
Oridonin (Isodonol),0.1,-0.14,99.6,A549-ACE2
Oridonin (Isodonol),0.3,-0.02,99.5,A549-ACE2
Oridonin (Isodonol),1.0,-0.18,104.2,A549-ACE2
Oridonin (Isodonol),3.0,-0.01,100.7,A549-ACE2
parthenolide-(alternate-stereo),0.1,-0.06,101.6,A549-ACE2
parthenolide-(alternate-stereo),0.3,0.11,102.6,A549-ACE2
parthenolide-(alternate-stereo),1.0,0.09,105.9,A549-ACE2
parthenolide-(alternate-stereo),3.0,-0.29,109.5,A549-ACE2
Salinomycin (Procoxacin),0.3,0.84,28.1,A549-ACE2
Salinomycin (Procoxacin),10.0,0.51,26.2,A549-ACE2
Salinomycin (Procoxacin),3.0,0.8,19.0,A549-ACE2
Salinomycin (Procoxacin),30.0,-0.0,53.9,A549-ACE2
tetrandrine,0.3,0.37,91.7,A549-ACE2
tetrandrine,10.0,0.07,21.4,A549-ACE2
tetrandrine,3.0,0.79,23.2,A549-ACE2
tetrandrine,30.0,-0.15,42.3,A549-ACE2
MG-132,0.3,0.7,38.1,A549-ACE2
MG-132,10.0,0.22,20.3,A549-ACE2
MG-132,3.0,0.33,9.3,A549-ACE2
MG-132,30.0,0.18,30.4,A549-ACE2
NPS-2143,0.3,0.09,101.3,A549-ACE2
NPS-2143,10.0,0.11,42.8,A549-ACE2
NPS-2143,3.0,0.87,23.0,A549-ACE2
rebastinib,0.1,0.31,96.9,A549-ACE2
rebastinib,0.3,0.24,91.6,A549-ACE2
rebastinib,1.0,0.22,92.5,A549-ACE2
rebastinib,3.0,0.12,94.6,A549-ACE2
CCT128930,0.1,0.13,99.2,A549-ACE2
CCT128930,0.3,-0.05,105.6,A549-ACE2
CCT128930,1.0,0.15,104.3,A549-ACE2
CCT128930,3.0,0.48,84.6,A549-ACE2
NU-7441,0.1,-0.14,100.9,A549-ACE2
NU-7441,0.3,-0.23,101.4,A549-ACE2
NU-7441,1.0,0.22,74.3,A549-ACE2
NU-7441,3.0,0.53,38.4,A549-ACE2
NVP-BSK805,0.1,0.17,96.0,A549-ACE2
NVP-BSK805,0.3,0.13,100.4,A549-ACE2
NVP-BSK805,1.0,0.47,86.1,A549-ACE2
NVP-BSK805,3.0,0.68,44.5,A549-ACE2
WAY-600,0.1,0.01,103.1,A549-ACE2
WAY-600,0.3,0.46,81.5,A549-ACE2
WAY-600,1.0,0.61,56.1,A549-ACE2
WAY-600,3.0,0.33,35.1,A549-ACE2
LY2109761,0.3,0.43,82.2,A549-ACE2
LY2109761,10.0,0.09,108.1,A549-ACE2
LY2109761,3.0,0.25,97.4,A549-ACE2
LY2109761,30.0,-0.11,105.9,A549-ACE2
AMG900,0.1,0.14,96.5,A549-ACE2
AMG900,0.3,0.2,93.3,A549-ACE2
AMG900,1.0,-0.05,104.9,A549-ACE2
AMG900,3.0,-0.08,103.6,A549-ACE2
tyrphostin-AG-1478,0.3,-0.07,100.9,A549-ACE2
tyrphostin-AG-1478,10.0,0.52,57.4,A549-ACE2
tyrphostin-AG-1478,3.0,0.32,91.1,A549-ACE2
tyrphostin-AG-1478,30.0,0.35,19.0,A549-ACE2
SCH-900776,0.3,-0.17,102.3,A549-ACE2
SCH-900776,10.0,0.67,50.3,A549-ACE2
SCH-900776,3.0,0.41,87.5,A549-ACE2
SCH-900776,30.0,0.84,13.5,A549-ACE2
CCT129202,0.3,0.26,93.6,A549-ACE2
CCT129202,10.0,0.16,95.6,A549-ACE2
CCT129202,3.0,-0.1,101.2,A549-ACE2
CCT129202,30.0,0.47,65.3,A549-ACE2
lonafarnib,0.3,0.19,97.0,A549-ACE2
lonafarnib,10.0,0.69,71.3,A549-ACE2
lonafarnib,3.0,0.41,84.6,A549-ACE2
lonafarnib,30.0,0.56,10.8,A549-ACE2
Cathepsin Inhibitor 1,0.3,0.72,55.6,A549-ACE2
Cathepsin Inhibitor 1,10.0,0.91,20.2,A549-ACE2
Cathepsin Inhibitor 1,3.0,0.85,32.5,A549-ACE2
Cathepsin Inhibitor 1,30.0,0.91,17.2,A549-ACE2
carfilzomib,0.1,0.25,51.1,A549-ACE2
carfilzomib,0.3,0.29,23.8,A549-ACE2
carfilzomib,1.0,0.25,22.0,A549-ACE2
carfilzomib,3.0,0.18,20.1,A549-ACE2
stemregenin-1,0.3,0.34,93.1,A549-ACE2
stemregenin-1,10.0,0.84,60.4,A549-ACE2
stemregenin-1,3.0,0.46,83.7,A549-ACE2
stemregenin-1,30.0,0.0,25.6,A549-ACE2
golvatinib,0.1,-0.16,107.1,A549-ACE2
golvatinib,0.3,-0.14,103.8,A549-ACE2
golvatinib,1.0,0.12,95.2,A549-ACE2
golvatinib,3.0,0.64,49.7,A549-ACE2
go-6983,0.1,0.02,102.9,A549-ACE2
go-6983,0.3,0.0,97.4,A549-ACE2
go-6983,1.0,-0.06,95.3,A549-ACE2
go-6983,3.0,0.09,93.3,A549-ACE2
butenafine,0.3,0.14,100.0,A549-ACE2
butenafine,10.0,0.58,77.1,A549-ACE2
butenafine,3.0,-0.04,104.9,A549-ACE2
butenafine,30.0,0.79,38.7,A549-ACE2
benztropine-mesylate,0.3,-0.15,106.1,A549-ACE2
benztropine-mesylate,10.0,0.82,32.5,A549-ACE2
benztropine-mesylate,3.0,0.67,59.7,A549-ACE2
benztropine-mesylate,30.0,0.71,11.9,A549-ACE2
azaguanine-8,0.1,0.12,106.2,A549-ACE2
azaguanine-8,0.3,0.27,90.9,A549-ACE2
azaguanine-8,1.0,0.08,95.6,A549-ACE2
azaguanine-8,3.0,0.33,93.9,A549-ACE2
ebastine,0.3,-0.12,104.9,A549-ACE2
ebastine,10.0,0.8,25.6,A549-ACE2
ebastine,3.0,0.71,44.3,A549-ACE2
ebastine,30.0,0.25,26.4,A549-ACE2
tenovin-6,0.1,0.22,91.1,A549-ACE2
tenovin-6,0.3,0.15,90.4,A549-ACE2
tenovin-6,1.0,-0.08,93.1,A549-ACE2
tenovin-6,3.0,0.8,23.5,A549-ACE2
"3,4-methylenedioxy-beta-nitrostyrene",0.3,0.14,95.0,A549-ACE2
"3,4-methylenedioxy-beta-nitrostyrene",10.0,0.48,38.6,A549-ACE2
"3,4-methylenedioxy-beta-nitrostyrene",3.0,0.21,107.1,A549-ACE2
"3,4-methylenedioxy-beta-nitrostyrene",30.0,0.16,35.7,A549-ACE2
fingolimod,0.3,-0.2,99.7,A549-ACE2
fingolimod,10.0,0.74,12.3,A549-ACE2
fingolimod,3.0,0.46,64.4,A549-ACE2
NVP-AEW541,0.1,0.14,98.0,A549-ACE2
NVP-AEW541,0.3,-0.29,108.9,A549-ACE2
NVP-AEW541,1.0,-0.11,101.2,A549-ACE2
NVP-AEW541,3.0,0.07,94.4,A549-ACE2
XL019,0.3,0.04,100.4,A549-ACE2
XL019,10.0,0.26,85.6,A549-ACE2
XL019,3.0,-0.09,101.4,A549-ACE2
XL019,30.0,0.33,45.7,A549-ACE2
oprozomib,0.1,0.41,75.9,A549-ACE2
oprozomib,0.3,0.31,95.3,A549-ACE2
oprozomib,1.0,0.24,64.0,A549-ACE2
oprozomib,3.0,0.24,33.3,A549-ACE2
VE-822,0.1,0.32,88.6,A549-ACE2
VE-822,0.3,0.31,89.1,A549-ACE2
VE-822,1.0,0.57,51.4,A549-ACE2
VE-822,3.0,0.55,24.7,A549-ACE2
NU-6027,0.3,-0.13,103.8,A549-ACE2
NU-6027,10.0,0.62,51.9,A549-ACE2
NU-6027,3.0,0.59,67.8,A549-ACE2
NU-6027,30.0,0.46,40.7,A549-ACE2
P22077,0.3,0.06,97.7,A549-ACE2
P22077,10.0,0.38,71.2,A549-ACE2
P22077,3.0,-0.18,106.0,A549-ACE2
P22077,30.0,0.17,55.0,A549-ACE2
BMS-833923,0.1,0.21,98.7,A549-ACE2
BMS-833923,0.3,0.36,86.4,A549-ACE2
BMS-833923,1.0,0.34,89.1,A549-ACE2
BMS-833923,3.0,0.88,24.4,A549-ACE2
NLG919,0.3,0.29,95.7,A549-ACE2
NLG919,10.0,-0.11,32.1,A549-ACE2
NLG919,3.0,0.49,18.9,A549-ACE2
NLG919,30.0,0.11,31.3,A549-ACE2
NSC-319726,0.1,-0.24,104.3,A549-ACE2
NSC-319726,0.3,-0.09,104.4,A549-ACE2
NSC-319726,1.0,-0.19,104.4,A549-ACE2
NSC-319726,3.0,0.17,67.7,A549-ACE2
UNC1999,0.3,0.06,100.0,A549-ACE2
UNC1999,10.0,0.8,28.6,A549-ACE2
UNC1999,3.0,0.43,87.3,A549-ACE2
UNC1999,30.0,0.6,13.0,A549-ACE2
AZD2858,0.1,-0.23,102.9,A549-ACE2
AZD2858,0.3,-0.26,99.9,A549-ACE2
AZD2858,1.0,-0.14,85.9,A549-ACE2
AZD2858,3.0,-0.15,95.4,A549-ACE2
SKLB1002,0.3,-0.11,104.5,A549-ACE2
SKLB1002,10.0,0.01,105.8,A549-ACE2
SKLB1002,3.0,-0.15,105.4,A549-ACE2
SKLB1002,30.0,0.25,78.6,A549-ACE2
SGI-1027,0.1,0.25,91.2,A549-ACE2
SGI-1027,0.3,-0.15,101.0,A549-ACE2
SGI-1027,1.0,0.65,58.9,A549-ACE2
SGI-1027,3.0,0.16,24.1,A549-ACE2
JIB04,0.3,-0.14,103.7,A549-ACE2
JIB04,10.0,0.37,36.4,A549-ACE2
JIB04,3.0,0.28,81.5,A549-ACE2
JIB04,30.0,0.36,50.5,A549-ACE2
EHop-016,0.1,-0.12,97.9,A549-ACE2
EHop-016,0.3,-0.03,96.7,A549-ACE2
EHop-016,1.0,0.46,70.1,A549-ACE2
EHop-016,3.0,0.79,22.6,A549-ACE2
ZLN005,0.3,0.14,98.8,A549-ACE2
ZLN005,10.0,0.7,56.6,A549-ACE2
ZLN005,3.0,0.37,86.8,A549-ACE2
ZLN005,30.0,0.77,32.0,A549-ACE2
CK-636,0.3,-0.06,101.3,A549-ACE2
CK-636,10.0,0.14,99.7,A549-ACE2
CK-636,3.0,-0.01,103.0,A549-ACE2
CK-636,30.0,0.06,100.2,A549-ACE2
crizotinib-(S),0.3,-0.02,101.8,A549-ACE2
crizotinib-(S),10.0,0.36,23.6,A549-ACE2
crizotinib-(S),3.0,0.82,24.3,A549-ACE2
crizotinib-(S),30.0,-0.08,82.4,A549-ACE2
ML167,0.3,0.14,97.7,A549-ACE2
ML167,10.0,0.47,89.4,A549-ACE2
ML167,3.0,0.35,92.4,A549-ACE2
ML167,30.0,0.52,72.3,A549-ACE2
Y-320,0.1,-0.12,100.6,A549-ACE2
Y-320,0.3,0.22,94.6,A549-ACE2
Y-320,1.0,0.12,90.0,A549-ACE2
Y-320,3.0,0.52,66.4,A549-ACE2
Omaveloxolone (RTA-408),0.3,-0.26,110.7,A549-ACE2
Omaveloxolone (RTA-408),3.0,0.09,0.0,A549-ACE2
Endoxifen HCl,0.3,0.02,100.0,A549-ACE2
Endoxifen HCl,10.0,0.84,7.8,A549-ACE2
Endoxifen HCl,3.0,0.87,29.9,A549-ACE2
Endoxifen HCl,30.0,-0.2,86.1,A549-ACE2
PRT062607,0.3,-0.18,103.7,A549-ACE2
PRT062607,10.0,0.43,72.2,A549-ACE2
PRT062607,3.0,0.74,31.8,A549-ACE2
PRT062607,30.0,0.3,120.7,A549-ACE2
Bardoxolone Methyl,0.3,0.09,97.6,A549-ACE2
Bardoxolone Methyl,3.0,-0.03,60.6,A549-ACE2
thaliblastine,0.3,0.32,94.8,A549-ACE2
thaliblastine,10.0,0.29,21.2,A549-ACE2
thaliblastine,3.0,0.61,28.0,A549-ACE2
thaliblastine,30.0,-0.02,33.9,A549-ACE2
ditiocarb-sodium-trihydrate,0.3,-0.22,107.7,A549-ACE2
ditiocarb-sodium-trihydrate,10.0,0.19,94.8,A549-ACE2
ditiocarb-sodium-trihydrate,3.0,0.08,98.2,A549-ACE2
ditiocarb-sodium-trihydrate,30.0,0.61,62.3,A549-ACE2
7-methoxytacrine,0.3,-0.02,102.3,A549-ACE2
7-methoxytacrine,10.0,0.82,34.4,A549-ACE2
7-methoxytacrine,3.0,0.53,81.1,A549-ACE2
7-methoxytacrine,30.0,0.76,16.9,A549-ACE2
Triparanol,0.1,0.02,100.1,A549-ACE2
Triparanol,0.3,-0.17,100.2,A549-ACE2
Triparanol,1.0,0.22,83.8,A549-ACE2
Triparanol,3.0,0.85,23.8,A549-ACE2
Remdesivir,0.008,0.17,94.9,A549-ACE2
Remdesivir,0.033,0.61,82.5,A549-ACE2
Remdesivir,0.1,0.82,18.1,A549-ACE2
Remdesivir,0.3,0.95,11.0,A549-ACE2
Remdesivir,1.0,0.96,15.9,A549-ACE2
Remdesivir,10.0,0.93,2.3,A549-ACE2
Remdesivir,3.0,0.97,8.6,A549-ACE2
Remdesivir,30.0,0.93,1.8,A549-ACE2
